Page,Template_Type,Main_Title,Sub_Title,Content,Footer_Text,Design_Note
P1,Cover,銀行代幣化存款,的 4 兆美元市場,"","","Dark premium background. Bold typography. Visuals of banking nodes blending with traditional finance."
P2,Overview,4兆美元的無聲革命,規模直逼 NVIDIA 市值,"• 散戶看：3千億穩定幣
• 銀行看：4兆代幣化存款
• 規模已直逼 NVIDIA 市值","鏈傑觀察","Contrasting visual of a small crypto coin vs a massive, institutional digital vault."
P3,Opposing,模式大對決,穩定幣 vs 代幣化存款,"【穩定幣】
Money in motion
專注快速跨境交易

【代幣化存款】
Money at rest
100% 留在資產負債表","鏈傑觀察","Split screen layout: fast motion blur arrows on the left, a heavy locked safe on the right."
P4,Grid,流動性 vs 碎片化,兩者的核心兩難,"【穩定幣】
公鏈流通，外匯成本低
贏在零售端接受度

【代幣化存款】
私有鏈運行，難以互換
重現傳統碎片化痛點","鏈傑觀察","Two contrasting icons: a highly connected global web vs isolated, fragmented islands."
P5,AAA,從孤島走向互通,破局的 3 條路徑,"1. 共享大陸
單一統一帳本 (如 BIS)

2. 協調層
橋接新舊軌道 (如 Swift)

3. 跨鏈橋
獨立鏈直接通訊 (如 CCIP)","鏈傑觀察","Three distinct pillars graphic. Use simple icons: Ledger, Bridge, and Network."
P6,Observation,未來的全球金流,走向三層架構並存,"• 三軌並存
穩定幣、存款、CBDC共存

• 適配場景
彼此找到最佳的應用場景

• 誰能勝出？
率先制定互通規則者","💬 留言聊聊你的看法！","A glowing three-layered pyramid/stack. Add a call-to-action graphic pointing to comments."
